{
  "test": "paired image-bootstrap (dataset-level mIoU, seed-mean), two-sided",
  "n_val": 500,
  "B": 10000,
  "seeds": [
    42,
    123,
    456
  ],
  "variants": [
    "A",
    "B",
    "Cp",
    "Dp"
  ],
  "point_miou": {
    "A": 0.8128298118173009,
    "B": 0.8109306379353374,
    "Cp": 0.8089046535920049,
    "Dp": 0.8164293544928224
  },
  "miou_ci95": {
    "A": [
      0.7991690809057795,
      0.8237805695031201
    ],
    "B": [
      0.7969436279489335,
      0.8220384182673419
    ],
    "Cp": [
      0.7948347136886237,
      0.8201787902332345
    ],
    "Dp": [
      0.8030151008990266,
      0.8267604047612293
    ]
  },
  "pairwise": {
    "A_vs_B": {
      "delta_miou": 0.0018991738819634785,
      "ci95": [
        -0.001861921737491512,
        0.005975622361380636
      ],
      "p_two_sided": 0.3248,
      "p_holm": 0.4936
    },
    "A_vs_Cp": {
      "delta_miou": 0.003925158225295933,
      "ci95": [
        0.00012792581422195478,
        0.008070954258758775
      ],
      "p_two_sided": 0.0436,
      "p_holm": 0.1308
    },
    "A_vs_Dp": {
      "delta_miou": -0.0035995426755215387,
      "ci95": [
        -0.006465121006824665,
        -0.0007059194891841485
      ],
      "p_two_sided": 0.0138,
      "p_holm": 0.0552
    },
    "B_vs_Cp": {
      "delta_miou": 0.0020259843433324543,
      "ci95": [
        -0.0013486637330140938,
        0.005514234413654253
      ],
      "p_two_sided": 0.2468,
      "p_holm": 0.4936
    },
    "B_vs_Dp": {
      "delta_miou": -0.005498716557485017,
      "ci95": [
        -0.009834530483673266,
        -0.0012159847326541798
      ],
      "p_two_sided": 0.0092,
      "p_holm": 0.046
    },
    "Cp_vs_Dp": {
      "delta_miou": -0.0075247009008174714,
      "ci95": [
        -0.011583298217632687,
        -0.003511921514475176
      ],
      "p_two_sided": 0.0002,
      "p_holm": 0.0012000000000000001
    }
  }
}